{
    "loss": 0.614335834980011,
    "accuracy": 0.7338129281997681
}