{
    "loss": 0.8623262047767639,
    "accuracy": 0.5035971403121948
}