{
    "loss": 0.5689663290977478,
    "accuracy": 0.5899280309677124
}