{
    "loss": 2.176356554031372,
    "accuracy": 0.48201438784599304
}