{
    "loss": 0.13637036085128784,
    "accuracy": 0.9568345546722412
}